{
  "answers": {
    "phase": "architecture",
    "action": "architectural decision",
    "scope": "uml component",
    "action experience": 4,
    "target": "microservices",
    "aimodel": "chatgpt o3-mini",
    "tool option": "online full",
    "experience with tool": 4,
    "time allocated (h)": "3",
    "time saved estimate (h)": "9",
    "quality of ai help": 3,
    "knowledge acquired": 4,
    "generic feeling - now": 3,
    "generic feeling - future": 5,
    "threat level": 5,
    "notes": ""
  }
}