{
  "answers": {
    "phase": "architecture",
    "action": "architectural decision",
    "scope": "uml deployment",
    "action experience": 3,
    "target": "microservices",
    "aimodel": "chatgpt o1",
    "tool option": "online full",
    "experience with tool": 4,
    "time allocated (h)": "1",
    "time saved estimate (h)": "1",
    "quality of ai help": 3,
    "knowledge acquired": 2,
    "generic feeling - now": 3,
    "generic feeling - future": 4,
    "threat level": 2,
    "notes": "plant-uml"
  }
}