{
  "answers": {
    "phase": "requirements gathering",
    "action": "application domain understanding",
    "scope": "documentation (text)",
    "action experience": 0,
    "target": "n/a",
    "aimodel": "chatgpt 4o",
    "tool option": "online full",
    "experience with tool": 4,
    "time allocated (h)": "",
    "time saved estimate (h)": "",
    "quality of ai help": 0,
    "knowledge acquired": 0,
    "generic feeling - now": 0,
    "generic feeling - future": 0,
    "threat level": 0,
    "notes": ""
  }
}