{
  "answers": {
    "phase": "deployment",
    "action": "container operations",
    "scope": "data management",
    "action experience": 3,
    "target": "shell",
    "aimodel": "chatgpt 4o",
    "tool option": "online full",
    "experience with tool": 2,
    "time allocated (h)": "0.5",
    "time saved estimate (h)": "2",
    "quality of ai help": 3,
    "knowledge acquired": 2,
    "generic feeling - now": 1,
    "generic feeling - future": 3,
    "threat level": 2,
    "notes": "gitignore"
  }
}