{
  "answers": {
    "phase": "architecture",
    "action": "architectural decision",
    "scope": "uml other",
    "action experience": 4,
    "target": "microservices",
    "aimodel": "chatgpt 4o",
    "tool option": "online full",
    "experience with tool": 4,
    "time allocated (h)": "0.5",
    "time saved estimate (h)": "1.5",
    "quality of ai help": 4,
    "knowledge acquired": 4,
    "generic feeling - now": 4,
    "generic feeling - future": 5,
    "threat level": 3,
    "notes": ""
  }
}