{
  "answers": {
    "phase": "architecture",
    "action": "architectural decision",
    "scope": "uml deployment",
    "action experience": 3,
    "target": "md",
    "aimodel": "chatgpt 4o",
    "tool option": "online free",
    "experience with tool": 2,
    "time allocated (h)": "0.5",
    "time saved estimate (h)": "1",
    "quality of ai help": 3,
    "knowledge acquired": 2,
    "generic feeling - now": 1,
    "generic feeling - future": 3,
    "threat level": 2,
    "notes": "README"
  }
}